price_bucket,n,avg_price,yes_rate,ci_low,ci_high,gap
0-10c,296,0.04431587837837838,0.0472972972972973,0.028379817504722953,0.07781491998333742,0.0029814189189189197
10-20c,129,0.14549612403100776,0.11627906976744186,0.07174513554570917,0.18300638807339809,-0.029217054263565898
20-30c,129,0.2539186046511628,0.2558139534883721,0.18834226527419157,0.337408704301604,0.0018953488372093208
30-40c,87,0.35122413793103446,0.45977011494252873,0.3589691971689781,0.5639735955603442,0.10854597701149427
40-50c,75,0.4551800000000001,0.41333333333333333,0.30877553459149687,0.5263368933653177,-0.041846666666666754
50-60c,76,0.5515789473684212,0.5789473684210527,0.46678201550241605,0.6835155737242529,0.027368421052631486
60-70c,56,0.6483035714285714,0.7321428571428571,0.6040519481066103,0.8304284133810503,0.08383928571428567
70-80c,75,0.7505333333333334,0.7333333333333333,0.6236898715426942,0.8202382070351124,-0.017200000000000104
80-90c,49,0.846122448979592,0.9387755102040817,0.8347925657791229,0.9789602350444708,0.09265306122448969
90-100c,94,0.9560691489361701,0.9787234042553191,0.9257083451044751,0.9941457864714599,0.022654255319148997
